{
  "firestore": {
    "rules": "firestore.rules",
    "indexes": "firestore.indexes.json"
  },
  "storage": {
    "rules": "storage.rules"
  },
  "database": {
    "rules": "database.rules.json"
  },
  "hosting": {
    "public": "out",
    "ignore": [
      "firebase.json",
      "**/.*",
      "**/node_modules/**"
    ],
    "rewrites": [
      {
        "source": "**",
        "destination": "/index.html"
      }
    ]
  },
  "functions": {
    "predeploy": [
      "npm --prefix \"$RESOURCE_DIR\" run lint",
      "npm --prefix \"$RESOURCE_DIR\" run build"
    ],
    "source": "functions"
  },
  "emulators": {
    "auth": {
      "port": 9099
    },
    "firestore": {
      "port": 8080
    },
    "database": {
      "port": 9000
    },
    "storage": {
      "port": 9199
    },
    "hosting": {
      "port": 5000
    },
    "ui": {
      "enabled": true,
      "port": 4000
    },
    "singleProjectMode": true
  }
}